target,model,train_era,pr_auc,roc_auc,chosen_threshold,precision,recall,f1,event_recall,events_caught,total_false_alarms,fa_per_year,fa_pathanamthitta,fa_kottayam,fa_hourly,fa_3perday
label_danger,rule_baseline,full_2000_2018,0.21202925349244345,0.9151068792268916,107.95986622073579,0.21354166666666666,0.6721311475409836,0.3241106719367589,0.7391304347826086,17/23,151,25.166666666666668,59,92,115,36
label_danger,logistic_regression,full_2000_2018,0.2884769784824625,0.9276339438727313,0.996496728534979,0.30357142857142855,0.5573770491803278,0.3930635838150289,0.6086956521739131,14/23,78,13.0,25,53,69,9
label_danger,gradient_boosting,full_2000_2018,0.269726108673535,0.8476375385592831,0.9925261219773157,0.4107142857142857,0.3770491803278688,0.39316239316239315,0.43478260869565216,10/23,33,5.5,9,24,32,1
label_danger,rule_baseline,hourly_2015_2018,0.21202925349244345,0.9151068792268916,128.3277591973244,0.23846153846153847,0.5081967213114754,0.32460732984293195,0.6521739130434783,15/23,99,16.5,35,64,72,27
label_danger,logistic_regression,hourly_2015_2018,0.21276951871078634,0.9273747920515629,0.9907871758100859,0.2761904761904762,0.47540983606557374,0.3493975903614458,0.5652173913043478,13/23,76,12.666666666666666,24,52,64,12
label_danger,gradient_boosting,hourly_2015_2018,0.2753184117426909,0.9201686994758447,0.9904320321575714,0.47619047619047616,0.16393442622950818,0.24390243902439024,0.2608695652173913,6/23,11,1.8333333333333333,1,10,11,0
label_warning,rule_baseline,full_2000_2018,0.36348386044585895,0.9102110451156324,87.59197324414716,0.24269005847953215,0.6747967479674797,0.35698924731182796,0.675,27/40,259,43.166666666666664,109,150,218,41
label_warning,logistic_regression,full_2000_2018,0.42660326468857,0.9220059817178482,0.9564243303675125,0.2733118971061093,0.6910569105691057,0.391705069124424,0.65,26/40,226,37.666666666666664,77,149,200,26
label_warning,gradient_boosting,full_2000_2018,0.38149394772322204,0.9049496608955727,0.9665693759669847,0.5606060606060606,0.3008130081300813,0.3915343915343915,0.3,12/40,29,4.833333333333333,7,22,25,4
label_warning,rule_baseline,hourly_2015_2018,0.36348386044585895,0.9102110451156324,97.29096989966555,0.29924242424242425,0.6422764227642277,0.4082687338501292,0.65,26/40,185,30.833333333333332,72,113,151,34
label_warning,logistic_regression,hourly_2015_2018,0.40462767327134525,0.9052677029360967,0.8884159710351066,0.3088803088803089,0.6504065040650406,0.418848167539267,0.625,25/40,179,29.833333333333332,64,115,161,18
label_warning,gradient_boosting,hourly_2015_2018,0.4412078424643025,0.8957801508066894,0.9879374182861316,0.6206896551724138,0.2926829268292683,0.39779005524861877,0.25,10/40,22,3.6666666666666665,4,18,22,0
