date,risk_score,alert_level,alert_warning,alert_danger,rain_1d,rain_3d,rain_7d,rain_14d,rain_30d,soil_0_7_t1,soil_7_28_t1,sin_doy,cos_doy
2026-06-01,0.1092,NORMAL,0,0,6.9,23.800000000000004,83.5,211.4,372.6,0.488,0.489,0.5027907197793043,-0.8644081744776648
2026-06-02,0.1118,NORMAL,0,0,9.4,21.10000000000001,75.3,201.60000000000002,369.9,0.488,0.49,0.4878471454423119,-0.8729290708206411
2026-06-03,0.1344,NORMAL,0,0,7.9,24.20000000000001,71.3,196.9,375.8,0.486,0.497,0.47275920928627757,-0.881191653407483
2026-06-04,0.1535,NORMAL,0,0,9.6,26.90000000000001,66.3,200.60000000000002,380.7,0.502,0.506,0.4575313760742512,-0.8891934772070711
2026-06-05,0.9173,NORMAL,0,0,57.9,75.4,108.6,245.5,413.5,0.513,0.515,0.44216815196707204,-0.8969321743510065
2026-06-06,0.7959,NORMAL,0,0,17.7,85.2,114.2,232.60000000000002,415.7,0.501,0.511,0.42667408318992467,-0.9044054548343001
2026-06-07,0.804,NORMAL,0,0,13.6,89.2,123.00000000000001,241.8,415.40000000000003,0.496,0.506,0.4110537546870351,-0.9116111071930239
2026-06-08,0.8217,NORMAL,0,0,31.1,62.400000000000006,147.2,230.7,444.2,0.507,0.516,0.3953117887649151,-0.9185469991587165
2026-06-09,0.9554,DANGER,1,1,41.7,86.4,179.5,254.8,478.8,0.511,0.512,0.37945284372454435,-0.925211078289358
2026-06-10,0.9776,DANGER,1,1,34.2,107.00000000000001,205.8,277.1,495.00000000000006,0.511,0.513,0.36348161248290634,-0.9316013725767187
2026-06-11,0.9385,DANGER,1,1,17.6,93.5,213.8,280.09999999999997,509.0,0.507,0.511,0.3474028211842774,-0.9377159910299093
2026-06-12,0.7927,NORMAL,0,0,16.6,68.4,172.50000000000003,281.1,523.5,0.51,0.51,0.3312212278016865,-0.9435531242349544
2026-06-13,0.6973,NORMAL,0,0,18.1,52.30000000000001,172.9,287.1,540.7,0.496,0.502,0.31494162072895193,-0.9491110448902284
2026-06-14,0.6281,NORMAL,0,0,15.6,50.30000000000001,174.9,297.90000000000003,548.6,0.491,0.488,0.2985688173637202,-0.9543881083175908
2026-06-15,0.4296,NORMAL,0,0,7.8,41.50000000000001,151.60000000000002,298.8,552.4,0.491,0.49,0.2821076626819194,-0.9593827529490743
2026-06-16,0.2609,NORMAL,0,0,5.4,28.800000000000008,115.30000000000001,294.8,556.4,0.477,0.49,0.26556302780405594,-0.9640935007889755
2026-06-17,0.1448,NORMAL,0,0,4.8,18.000000000000007,85.90000000000002,291.7,520.4000000000001,0.464,0.48,0.24893980855376657,-0.9685189578512204
2026-06-18,0.1553,NORMAL,0,0,10.6,20.800000000000004,78.9,292.70000000000005,511.8,0.489,0.479,0.23224292400907015,-0.9726578145718654
2026-06-19,0.5412,NORMAL,0,0,24.7,40.10000000000001,87.0,259.5,523.9,0.492,0.5,0.21547731504673012,-0.976508846196619
2026-06-20,0.3123,NORMAL,0,0,2.6,37.90000000000001,71.50000000000001,244.4,520.6,0.482,0.499,0.19864794288017112,-0.9800709131432666
2026-06-21,0.2218,NORMAL,0,0,1.0,28.30000000000001,56.900000000000006,231.8,508.59999999999997,0.447,0.48,0.18175978759137534,-0.9833429613388902
2026-06-22,0.5645,NORMAL,0,0,30.3,33.900000000000006,79.4,231.00000000000003,508.3,0.474,0.485,0.16481784665719793,-0.9863240225317866
2026-06-23,0.7255,NORMAL,0,0,21.0,52.30000000000001,95.0,210.3,524.9,0.503,0.508,0.14782713347053048,-0.9890132145779883
2026-06-24,0.6208,NORMAL,0,0,5.2,56.50000000000001,95.4,181.3,487.90000000000003,0.486,0.488,0.13079267585675922,-0.9914097417023038
2026-06-25,0.6795,NORMAL,0,0,19.2,45.400000000000006,104.00000000000001,182.89999999999998,489.50000000000006,0.499,0.495,0.11371951458594969,-0.9935128947338007
2026-06-26,0.3762,NORMAL,0,0,3.6,28.000000000000007,82.9,169.9,481.2,0.479,0.494,0.0966127018812031,-0.9953220513156602
2026-06-27,0.4599,NORMAL,0,0,9.6,32.400000000000006,89.9,161.4,476.20000000000005,0.492,0.487,0.07947729992362097,-0.9968366760893436
2026-06-28,0.3937,NORMAL,0,0,7.6,20.800000000000004,96.50000000000001,153.4,468.2,0.478,0.487,0.062318379354325076,-0.998056320853012
2026-06-29,0.9354,WARNING,1,0,43.7,60.900000000000006,109.9,189.3,499.8,0.495,0.504,0.04514101777397193,-0.9989806246941579
2026-06-30,0.9557,DANGER,1,1,34.5,85.80000000000001,123.4,218.39999999999998,529.5,0.504,0.493,0.02795029824021032,-0.999609314096404
2026-07-01,0.8913,NORMAL,0,0,8.3,86.5,126.5,221.9,530.9000000000001,0.485,0.483,0.01075130776352193,-0.9999422030204416
2026-07-02,0.5424,NORMAL,0,0,2.7,45.50000000000001,110.00000000000001,214.00000000000003,524.1999999999999,0.482,0.477,-0.00645086419810515,-0.9999791929590823
2026-07-03,0.4205,NORMAL,0,0,8.8,19.800000000000008,115.2,198.1,525.1,0.48,0.481,-0.023651127245231586,-0.9997202729664083
2026-07-04,0.6982,NORMAL,0,0,20.5,32.00000000000001,126.10000000000001,216.0,536.0,0.509,0.509,-0.04084439154329611,-0.9991655196610109
2026-07-05,0.9568,DANGER,1,1,38.6,67.9,157.10000000000002,253.60000000000002,516.7,0.506,0.509,-0.05802556932878035,-0.9983150972033183
2026-07-06,0.7635,NORMAL,0,0,3.9,63.000000000000014,117.30000000000001,227.2,502.90000000000003,0.483,0.49,-0.07518957641475855,-0.9971692572470178
2026-07-07,0.5458,NORMAL,0,0,1.4,43.90000000000001,84.2,207.6,490.7,0.44,0.469,-0.09233133369539122,-0.9957283388645872
2026-07-08,0.2743,NORMAL,0,0,6.8,12.100000000000007,82.7,209.20000000000002,466.40000000000003,0.444,0.46,-0.10944576864891556,-0.993992768446958
2026-07-09,0.4711,NORMAL,0,0,16.3,24.500000000000007,96.30000000000001,206.3,441.00000000000006,0.457,0.457,-0.12652781683868314,-0.9919630595773397
2026-07-10,0.3773,NORMAL,0,0,6.4,29.500000000000007,93.9,209.1,413.2,0.486,0.464,-0.1435724234118113,-0.9896398128792412
2026-07-11,0.7909,NORMAL,0,0,26.8,49.500000000000014,100.20000000000002,226.3,422.40000000000003,0.497,0.487,-0.16057454459499376,-0.9870237158387383
2026-07-12,0.4947,NORMAL,0,0,5.2,38.40000000000001,66.80000000000001,223.9,411.0,0.496,0.504,-0.17752914918703497,-0.984115542601034
2026-07-13,0.4549,NORMAL,0,0,1.5,33.50000000000001,64.40000000000002,181.7,394.4,0.476,0.492,-0.19443122004766195,-0.9809161537413774
2026-07-14,0.2613,NORMAL,0,0,1.2,7.900000000000011,64.20000000000002,148.4,380.0,0.464,0.482,-0.2112757555821793,-0.9774264960104055
2026-07-15,0.232,NORMAL,0,0,1.2,3.9000000000000106,58.600000000000016,141.3,373.4,0.445,0.471,-0.2280577712215198,-0.9736476020539838
2026-07-16,0.2015,NORMAL,0,0,0.3,2.7000000000000104,42.600000000000016,138.9,368.3,0.427,0.463,-0.24477230089725957,-0.9695805901076308
2026-07-17,0.2215,NORMAL,0,0,3.5,5.000000000000011,39.70000000000002,133.60000000000002,367.0,0.425,0.454,-0.2614143985111562,-0.965226663665613
2026-07-18,0.2,NORMAL,0,0,3.9,7.70000000000001,16.800000000000015,117.00000000000001,360.3,0.433,0.451,-0.2779791393987801,-0.9605871111248129
2026-07-19,0.204,NORMAL,0,0,1.7,9.10000000000001,13.300000000000015,80.1,337.3,0.435,0.447,-0.2944616217868012,-0.9556633054034704
2026-07-20,0.3074,NORMAL,0,0,8.3,13.900000000000011,20.100000000000016,84.5,343.00000000000006,0.426,0.444,-0.3108569682435036,-0.9504567035349151
2026-07-21,0.2545,NORMAL,0,0,4.5,14.50000000000001,23.400000000000016,87.60000000000001,346.50000000000006,0.445,0.443,-0.3271603271220951,-0.9449688462364056
2026-07-22,0.2777,NORMAL,0,0,2.3,15.100000000000012,24.500000000000014,83.10000000000001,318.5,0.42,0.44,-0.34336687399638804,-0.939201357453208
2026-07-23,0.2491,NORMAL,0,0,2.8,9.60000000000001,27.000000000000014,69.60000000000001,300.3,0.417,0.435,-0.3594718130884232,-0.9331559438780432
2026-07-24,0.2517,NORMAL,0,0,4.6,9.70000000000001,28.100000000000016,67.80000000000001,299.7,0.42,0.43,-0.3754703786876202,-0.9268343944460494
2026-07-25,0.2502,NORMAL,0,0,1.9,9.30000000000001,26.100000000000012,42.9,282.4,0.405,0.423,-0.3913578365610259,-0.9202385798054075
2026-07-26,0.2456,NORMAL,0,0,0.8,7.3000000000000105,25.200000000000014,38.5,279.6,0.389,0.419,-0.4071294853542516,-0.9133704517637858
2026-07-27,0.2327,NORMAL,0,0,2.3,5.000000000000011,19.200000000000014,39.3,272.3,0.382,0.416,-0.4227806579826773,-0.9062320427107697
2026-07-28,0.2927,NORMAL,0,0,5.1,8.20000000000001,19.80000000000001,43.2,269.8,0.36,0.409,-0.4383067230125192,-0.898825465016444
2026-07-29,0.4058,NORMAL,0,0,13.8,21.20000000000001,31.30000000000001,55.8,239.9,0.396,0.403,-0.45370308603134424,-0.8911529104063088
2026-07-30,0.3129,NORMAL,0,0,7.5,26.40000000000001,36.000000000000014,63.0,212.90000000000003,0.438,0.403,-0.46896519100763184,-0.8832166493127127
2026-07-31,0.3969,NORMAL,0,0,11.9,33.20000000000001,43.30000000000001,71.4,216.5,0.467,0.412,-0.48408852163897587,-0.8750190302029955
2026-08-01,0.6923,NORMAL,0,0,24.8,44.20000000000002,66.20000000000002,92.3,238.6,0.492,0.436,-0.4990686026885319,-0.8665624788845385
2026-08-02,0.9997,DANGER,1,1,91.8,128.5,157.20000000000002,182.4,321.6,0.511,0.517,-0.5139010013093103,-0.8578494977869301
2026-08-03,0.9999,DANGER,1,1,60.8,177.4,215.7,234.89999999999998,361.9,0.51,0.505,-0.5285813283559292,-0.8488826652214553
2026-08-04,0.9999,DANGER,1,1,39.9,192.50000000000003,250.5,270.3,363.2,0.507,0.511,-0.5431052396834317,-0.8396646346181327
2026-08-05,0.9984,DANGER,1,1,32.0,132.70000000000002,268.7,300.0,391.3,0.51,0.503,-0.5574684374327892,-0.8301981337405212
2026-08-06,0.97,DANGER,1,1,7.5,79.4,268.7,304.7,397.4,0.497,0.498,-0.5716666713027052,-0.8204859638785327
2026-08-07,0.9943,DANGER,1,1,42.0,81.50000000000001,298.8,342.1,432.6,0.508,0.508,-0.5856957398073508,-0.8105309990194823
2026-08-08,0.9746,DANGER,1,1,18.3,67.80000000000001,292.3,358.49999999999994,434.6,0.508,0.515,-0.5995514915196489,-0.8003361849976323
2026-08-09,0.9897,DANGER,1,1,34.1,94.40000000000002,234.6,391.8,462.29999999999995,0.509,0.515,-0.6132298262997502,-0.7899045386224707
2026-08-10,0.8233,NORMAL,0,0,8.5,60.90000000000002,182.3,398.0,444.0,0.501,0.499,-0.6267266965083301,-0.7792391467859886
2026-08-11,0.7163,NORMAL,0,0,8.1,50.700000000000024,150.5,401.0,446.9,0.493,0.503,-0.6400381082043503,-0.7683431655492202
2026-08-12,0.3295,NORMAL,0,0,2.6,19.200000000000014,121.10000000000001,389.79999999999995,447.99999999999994,0.475,0.494,-0.65316012232693,-0.7572198192083127
2026-08-13,0.3337,NORMAL,0,0,6.4,17.100000000000016,120.00000000000001,388.7,453.2,0.474,0.49,-0.666088855860977,-0.7458723993404063
2026-08-14,0.3689,NORMAL,0,0,13.8,22.800000000000015,91.80000000000001,390.59999999999997,465.8,0.488,0.493,-0.6788204829862355,-0.734304263829602
2026-08-15,0.4592,NORMAL,0,0,11.8,32.000000000000014,85.30000000000001,377.59999999999997,477.29999999999995,0.497,0.506,-0.6913512362094071,-0.722518835873311
2026-08-16,0.4217,NORMAL,0,0,5.1,30.700000000000017,56.30000000000001,290.9,478.9,0.484,0.503,-0.7036774074790128,-0.7105196029692745
2026-08-17,0.4014,NORMAL,0,0,6.8,23.700000000000014,54.600000000000016,236.9,481.8,0.472,0.488,-0.7157953492826642,-0.6983101158835584
2026-08-18,0.3835,NORMAL,0,0,7.9,19.800000000000015,54.40000000000001,204.9,488.0,0.491,0.491,-0.7277014757264236,-0.6858939875998223
2026-08-19,0.3573,NORMAL,0,0,2.0,16.700000000000014,53.80000000000001,174.9,481.7,0.472,0.489,-0.7393922635959241,-0.673274892250183
2026-08-20,0.3762,NORMAL,0,0,6.9,16.800000000000015,54.30000000000001,174.3,484.1,0.476,0.483,-0.7508642533989489,-0.6604565640279754
2026-08-21,0.3481,NORMAL,0,0,3.3,12.200000000000015,43.80000000000002,135.6,485.09999999999997,0.487,0.499,-0.7621140503891487,-0.6474427960827475
2026-08-22,0.3162,NORMAL,0,0,1.3,11.500000000000014,33.30000000000001,118.6,483.59999999999997,0.469,0.489,-0.7731383255706026,-0.6342374393978054
2026-08-23,0.2938,NORMAL,0,0,3.0,7.600000000000014,31.200000000000014,87.5,482.0,0.468,0.479,-0.7839338166829201,-0.620844401650647
2026-08-24,0.4055,NORMAL,0,0,11.5,15.800000000000015,35.90000000000001,90.5,491.59999999999997,0.48,0.473,-0.7944973291665992,-0.6072676460566135
2026-08-25,0.9251,WARNING,1,0,38.9,53.40000000000001,66.9,121.30000000000001,529.6999999999999,0.509,0.503,-0.8048257371083452,-0.593511190196115
2026-08-26,0.9524,DANGER,1,1,24.3,74.70000000000002,89.20000000000002,143.0,551.7,0.505,0.511,-0.8149159841660791,-0.5795791048257612
2026-08-27,0.9909,DANGER,1,1,37.2,100.40000000000002,119.50000000000001,173.8,583.8,0.508,0.515,-0.8247650844733614,-0.5654755126737576
2026-08-28,0.9201,NORMAL,0,0,10.2,71.70000000000002,126.40000000000002,170.20000000000002,580.2,0.502,0.502,-0.8343701235229538,-0.5512045872199277
2026-08-29,0.7745,NORMAL,0,0,1.6,49.00000000000002,126.70000000000002,160.0,574.3000000000001,0.478,0.486,-0.8437282590292712,-0.5367705514607103
2026-08-30,0.4617,NORMAL,0,0,0.9,12.70000000000002,124.60000000000002,155.8,563.3,0.452,0.474,-0.8528367217694595,-0.522177676659508
2026-08-31,0.3942,NORMAL,0,0,3.1,5.600000000000021,116.20000000000002,152.1,541.6,0.435,0.465,-0.8616928164028522,-0.5074302810827518
2026-09-01,0.28,NORMAL,0,0,1.1,5.100000000000022,78.40000000000002,145.29999999999998,450.9,0.415,0.456,-0.8702939222685674,-0.49253272872205434
2026-09-02,0.2382,NORMAL,0,0,1.5,5.7000000000000215,55.600000000000016,144.79999999999998,391.6,0.392,0.446,-0.8786374941610001,-0.4774894280028391
2026-09-03,0.1675,NORMAL,0,0,1.9,4.500000000000021,20.300000000000015,139.8,353.6,0.374,0.434,-0.886721063082993,-0.46230483047981086
2026-09-04,0.147,NORMAL,0,0,1.6,5.000000000000021,11.700000000000014,138.1,323.2,0.369,0.429,-0.8945422369764496,-0.4469834295196741
2026-09-05,0.1436,NORMAL,0,0,0.9,4.400000000000022,11.000000000000014,137.7,316.6,0.351,0.423,-0.9020987014301837,-0.43152975897147144
2026-09-06,0.1478,NORMAL,0,0,1.5,4.000000000000021,11.600000000000014,136.2,276.1,0.321,0.411,-0.9093882203647925,-0.4159483918249421
2026-09-07,0.152,NORMAL,0,0,1.4,3.800000000000021,9.900000000000015,126.10000000000001,259.2,0.281,0.392,-0.9164086366943458,-0.4002439388573056
2026-09-08,0.1848,NORMAL,0,0,1.0,3.9000000000000212,9.800000000000015,88.20000000000002,226.10000000000002,0.232,0.377,-0.9231578729647039,-0.38442104726885545
2026-09-09,0.1753,NORMAL,0,0,1.2,3.600000000000021,9.500000000000014,65.10000000000001,218.8,0.213,0.368,-0.9296339319682695,-0.3684843993077793
2026-09-10,0.1791,NORMAL,0,0,1.5,3.7000000000000215,9.100000000000014,29.4,212.2,0.204,0.36,-0.9358348973349941,-0.35243871088460327
2026-09-11,0.1908,NORMAL,0,0,2.8,5.500000000000021,10.300000000000015,22.0,212.4,0.2,0.356,-0.9417589340994617,-0.33628873017668287
2026-09-12,0.1615,NORMAL,0,0,1.3,5.600000000000021,10.700000000000014,21.7,207.29999999999998,0.188,0.348,-0.9474042892438845,-0.32003923622313857
2026-09-13,0.1358,NORMAL,0,0,0.4,4.500000000000021,9.600000000000014,21.2,193.9,0.173,0.343,-0.9527692922168511,-0.30369503751065885
2026-09-14,0.115,NORMAL,0,0,0.4,2.1000000000000214,8.600000000000014,18.5,182.5,0.155,0.339,-0.9578523554276669,-0.28726097055059635
2026-09-15,0.1247,NORMAL,0,0,2.9,3.7000000000000215,10.500000000000014,20.3,180.3,0.151,0.336,-0.9626519747161487,-0.2707418984477642
2026-09-16,0.1369,NORMAL,0,0,2.9,6.200000000000021,12.200000000000015,21.7,176.4,0.113,0.339,-0.9671667297977312,-0.2541427094613622
2026-09-17,0.1047,NORMAL,0,0,0.4,6.200000000000021,11.100000000000016,20.2,168.89999999999998,0.079,0.328,-0.97139528468375,-0.23746831555846842
2026-09-18,0.2044,NORMAL,0,0,12.7,16.00000000000002,21.000000000000014,31.3,179.6,0.097,0.321,-0.9753363880767837,-0.2207236509605022
2026-09-19,0.1439,NORMAL,0,0,4.5,17.600000000000023,24.200000000000014,34.9,177.20000000000002,0.095,0.312,-0.9789888737409319,-0.20391367068311472
2026-09-20,0.4073,NORMAL,0,0,22.0,39.200000000000024,45.80000000000001,55.4,195.9,0.217,0.297,-0.9823516608469237,-0.18704334906991657
2026-09-21,0.2833,NORMAL,0,0,26.8,53.300000000000026,72.20000000000002,80.8,221.39999999999998,0.416,0.3,-0.9854237542919524,-0.17011767832049052
2026-09-22,0.292,NORMAL,0,0,14.8,63.60000000000002,84.10000000000001,94.6,233.2,0.478,0.344,-0.9882042449941422,-0.15314166701312007
2026-09-23,0.3303,NORMAL,0,0,10.2,51.800000000000026,91.40000000000002,103.6,231.89999999999998,0.459,0.391,-0.9906923101615609,-0.13612033862266704
2026-09-24,0.1556,NORMAL,0,0,4.2,29.20000000000002,95.20000000000002,106.3,197.20000000000002,0.445,0.394,-0.9928872135356962,-0.11905873003404988
2026-09-25,0.0983,NORMAL,0,0,2.8,17.20000000000002,85.30000000000001,106.3,175.7,0.448,0.406,-0.994788305609327,-0.10196189005174576
2026-09-26,0.0823,NORMAL,0,0,3.1,10.100000000000021,83.9,108.10000000000001,141.60000000000002,0.434,0.409,-0.9963950238187231,-0.08483487790576538
2026-09-27,0.0621,NORMAL,0,0,0.8,6.7000000000000215,62.70000000000001,108.5,132.2,0.408,0.407,-0.9977068927101168,-0.06768276175455162
2026-09-28,0.0542,NORMAL,0,0,0.6,4.500000000000021,36.500000000000014,108.7,131.20000000000002,0.37,0.403,-0.9987235240803972,-0.050510617185222886
2026-09-29,0.0524,NORMAL,0,0,0.6,2.0000000000000213,22.300000000000015,106.4,130.9,0.336,0.4,-0.9994446170919858,-0.033323525711631344
2026-09-30,0.0523,NORMAL,0,0,0.7,1.9000000000000212,12.800000000000015,104.19999999999999,128.5,0.301,0.389,-0.9998699583618592,-0.016126573270657762
2026-10-01,0.0569,NORMAL,0,0,2.8,4.100000000000021,11.400000000000015,106.60000000000001,130.2,0.283,0.378,-0.9999994220246925,0.001075151282798226
2026-10-02,0.0682,NORMAL,0,0,6.8,10.300000000000022,15.400000000000013,100.7,135.5,0.297,0.37,-0.999832969770105,0.018276557681691223
