zone,year,rows,warning_pos,danger_pos,min_date,max_date,missing_days
Kottayam,2015,209,0,0,2015-06-06,2015-12-31,0
Kottayam,2016,362,0,0,2016-01-01,2016-12-31,4
Kottayam,2017,362,2,0,2017-01-01,2017-12-31,3
Kottayam,2018,335,13,7,2018-01-01,2018-12-31,30
Kottayam,2019,265,7,2,2019-01-01,2019-12-30,99
Kottayam,2020,348,5,4,2020-01-01,2020-12-31,18
Kottayam,2021,228,4,0,2021-01-01,2021-12-31,137
Kottayam,2022,360,4,0,2022-01-01,2022-12-31,5
Kottayam,2023,342,5,1,2023-01-01,2023-12-31,23
Kottayam,2024,360,2,0,2024-01-01,2024-12-31,6
Pathanamthitta,2000,366,6,3,2000-01-01,2000-12-31,0
Pathanamthitta,2001,365,7,4,2001-01-01,2001-12-31,0
Pathanamthitta,2002,365,2,1,2002-01-01,2002-12-31,0
Pathanamthitta,2003,365,0,0,2003-01-01,2003-12-31,0
Pathanamthitta,2004,366,1,0,2004-01-01,2004-12-31,0
Pathanamthitta,2005,365,12,6,2005-01-01,2005-12-31,0
Pathanamthitta,2006,365,8,2,2006-01-01,2006-12-31,0
Pathanamthitta,2007,365,9,6,2007-01-01,2007-12-31,0
Pathanamthitta,2008,366,7,2,2008-01-01,2008-12-31,0
Pathanamthitta,2009,365,7,1,2009-01-01,2009-12-31,0
Pathanamthitta,2010,365,13,2,2010-01-01,2010-12-31,0
Pathanamthitta,2011,365,9,3,2011-01-01,2011-12-31,0
Pathanamthitta,2012,366,3,1,2012-01-01,2012-12-31,0
Pathanamthitta,2013,365,16,5,2013-01-01,2013-12-31,0
Pathanamthitta,2014,365,13,6,2014-01-01,2014-12-31,0
Pathanamthitta,2015,359,3,0,2015-01-01,2015-12-31,6
Pathanamthitta,2016,349,0,0,2016-01-01,2016-12-31,17
Pathanamthitta,2017,340,8,3,2017-01-01,2017-12-31,25
Pathanamthitta,2018,351,26,17,2018-01-01,2018-12-31,14
Pathanamthitta,2019,331,16,10,2019-01-01,2019-12-31,34
Pathanamthitta,2020,331,9,7,2020-01-01,2020-12-31,35
Pathanamthitta,2021,334,33,15,2021-01-01,2021-12-31,31
Pathanamthitta,2022,357,11,7,2022-01-01,2022-12-31,8
Pathanamthitta,2023,363,11,7,2023-01-01,2023-12-31,2
Pathanamthitta,2024,364,16,8,2024-01-01,2024-12-31,2
