year,Kottayam_rows,Pathanamthitta_rows,Kottayam_warn_pos,Pathanamthitta_warn_pos,Kottayam_dang_pos,Pathanamthitta_dang_pos,Kottayam_missing_days,Pathanamthitta_missing_days
2000,,366.0,,6.0,,3.0,,0.0
2001,,365.0,,7.0,,4.0,,0.0
2002,,365.0,,2.0,,1.0,,0.0
2003,,365.0,,0.0,,0.0,,0.0
2004,,366.0,,1.0,,0.0,,0.0
2005,,365.0,,12.0,,6.0,,0.0
2006,,365.0,,8.0,,2.0,,0.0
2007,,365.0,,9.0,,6.0,,0.0
2008,,366.0,,7.0,,2.0,,0.0
2009,,365.0,,7.0,,1.0,,0.0
2010,,365.0,,13.0,,2.0,,0.0
2011,,365.0,,9.0,,3.0,,0.0
2012,,366.0,,3.0,,1.0,,0.0
2013,,365.0,,16.0,,5.0,,0.0
2014,,365.0,,13.0,,6.0,,0.0
2015,209.0,359.0,0.0,3.0,0.0,0.0,0.0,6.0
2016,362.0,349.0,0.0,0.0,0.0,0.0,4.0,17.0
2017,362.0,340.0,2.0,8.0,0.0,3.0,3.0,25.0
2018,335.0,351.0,13.0,26.0,7.0,17.0,30.0,14.0
2019,265.0,331.0,7.0,16.0,2.0,10.0,99.0,34.0
2020,348.0,331.0,5.0,9.0,4.0,7.0,18.0,35.0
2021,228.0,334.0,4.0,33.0,0.0,15.0,137.0,31.0
2022,360.0,357.0,4.0,11.0,0.0,7.0,5.0,8.0
2023,342.0,363.0,5.0,11.0,1.0,7.0,23.0,2.0
2024,360.0,364.0,2.0,16.0,0.0,8.0,6.0,2.0
