dataset,zone,target,threshold,tp_days,fp_days,alert_days,day_prec,day_rec,caught_events,total_events,event_rec,total_alert_episodes,fa_episodes,ep_prec
OOF_2000_2018,Pathanamthitta,warning,0.9223,74,232,306,0.2418,0.5481,37,50,0.74,100,68,0.37
OOF_2000_2018,Pathanamthitta,danger,0.936,33,251,284,0.1162,0.6111,18,24,0.75,94,80,0.1915
OOF_2000_2018,Kottayam,warning,0.9223,15,157,172,0.0872,1.0,5,5,1.0,32,27,0.1562
OOF_2000_2018,Kottayam,danger,0.936,7,153,160,0.0437,1.0,2,2,1.0,29,27,0.069
OOF_2000_2018,COMBINED_POOLED,warning,0.9223,89,389,478,0.1862,0.5933,42,55,0.7636,132,95,0.3182
OOF_2000_2018,COMBINED_POOLED,danger,0.936,40,404,444,0.0901,0.6557,20,26,0.7692,123,107,0.1626
HOLDOUT_2019_2024,Pathanamthitta,warning,0.9223,62,119,181,0.3425,0.6458,21,32,0.6562,57,40,0.3684
HOLDOUT_2019_2024,Pathanamthitta,danger,0.936,40,127,167,0.2395,0.7407,18,20,0.9,57,43,0.3158
HOLDOUT_2019_2024,Kottayam,warning,0.9223,26,202,228,0.114,0.963,8,8,1.0,59,52,0.1356
HOLDOUT_2019_2024,Kottayam,danger,0.936,7,202,209,0.0335,1.0,3,3,1.0,57,54,0.0526
HOLDOUT_2019_2024,COMBINED_POOLED,warning,0.9223,88,321,409,0.2152,0.7154,29,40,0.725,116,92,0.25
HOLDOUT_2019_2024,COMBINED_POOLED,danger,0.936,47,329,376,0.125,0.7705,21,23,0.913,114,97,0.1842
