feature,mean,scale,clip_min,clip_max,std_coef,raw_coef,direction
rain_1d,7.277649088220798,10.312050910481396,0.0,152.6,0.4167776464780239,0.04041656214617811,Increasing
rain_3d,21.83528831936918,25.28435113269171,0.0,304.4,0.9532580877639977,0.037701504885821295,Increasing
rain_7d,50.84732626909804,49.45476545309068,0.0,472.3999999999999,0.495478098560183,0.010018814041897717,Increasing
rain_14d,101.58477082306555,85.68957653111049,0.0,653.2,-0.39653858429202926,-0.004627617504307094,Decreasing (NEGATIVE)
rain_30d,218.4432479053721,158.87017970501992,0.0999999999999858,922.9,0.14098127128596705,0.0008873992057397564,Increasing
soil_0_7_t1,0.43466522917693445,0.07313858432430348,0.239,0.515,-0.5994558939696203,-8.196164849343754,Decreasing (NEGATIVE)
soil_7_28_t1,0.4324135041892558,0.07349252406964776,0.258,0.518,1.0400537813811181,14.151831013389536,Increasing
sin_doy,-0.011231174519272639,0.7068193571843439,-0.9999994220246925,0.9999855506507186,-1.3654212381822646,-1.9317824622425448,Decreasing (NEGATIVE)
cos_doy,-0.0043821346563634725,0.7072913500985871,-0.9999791929590823,0.9999907524084426,-1.9283540545973699,-2.7263928144018483,Decreasing (NEGATIVE)
