input_soil,clipped_soil_0_7,clipped_soil_7_28,total_logit,risk_score,contrib_rain_1d,contrib_rain_3d,contrib_rain_7d,contrib_rain_14d,contrib_rain_30d,contrib_soil_0_7_t1,contrib_soil_7_28_t1,contrib_sin_doy,contrib_cos_doy
0.05,0.239,0.258,-2.7725,0.0588,-0.2941,-0.8232,-0.5094,0.4701,-0.1938,1.6037,-2.4683,1.3138,1.9579
0.118,0.239,0.258,-2.7725,0.0588,-0.2941,-0.8232,-0.5094,0.4701,-0.1938,1.6037,-2.4683,1.3138,1.9579
0.239,0.239,0.258,-2.7725,0.0588,-0.2941,-0.8232,-0.5094,0.4701,-0.1938,1.6037,-2.4683,1.3138,1.9579
0.3,0.3,0.3,-2.6781,0.0643,-0.2941,-0.8232,-0.5094,0.4701,-0.1938,1.1037,-1.8739,1.3138,1.9579
0.384,0.384,0.384,-2.1778,0.1018,-0.2941,-0.8232,-0.5094,0.4701,-0.1938,0.4153,-0.6851,1.3138,1.9579
0.434,0.434,0.434,-1.88,0.1324,-0.2941,-0.8232,-0.5094,0.4701,-0.1938,0.0055,0.0225,1.3138,1.9579
0.48,0.48,0.48,-1.6061,0.1671,-0.2941,-0.8232,-0.5094,0.4701,-0.1938,-0.3716,0.6734,1.3138,1.9579
0.515,0.515,0.515,-1.3976,0.1982,-0.2941,-0.8232,-0.5094,0.4701,-0.1938,-0.6584,1.1688,1.3138,1.9579
0.6,0.515,0.518,-1.3552,0.205,-0.2941,-0.8232,-0.5094,0.4701,-0.1938,-0.6584,1.2112,1.3138,1.9579
